nik,plat
3.67202E+15,BG1234XY
3.67202E+15,BG5678YZ
